insert into category(id, name)
    values (1,'Свежее мясо'),(2,'Обработанное мясо'),(3,'Консервы'),(4,'Яйца'),(5,'Молочка'),(6,'Крупы и т.п.'),(7,'Овощи'),(8,'Фрукты'),(9,'Приправы'),(10,'Чай/кофе'),(11,'Напитки'),(12,'Снеки');

insert into product(name,category_id)
    values  ('Говядина',1), ('Свинина',1), ('Куриное филе',1),
            ('Колбаса',2), ('Ветчина',2),
            ('Тунец',3), ('Оливки',3), ('Маринованые огурцы',3),
            ('Яйца куриные',4),
            ('Сыр',5), ('Йогурт',5),('Молоко',5), ('Сливки',5), ('Масло сливочное',5),
            ('Макароны',6), ('Рис',6),
            ('Помидоры',7), ('Огурцы',7), ('Перец болгарский',7), ('Чеснок',7),
            ('Яблоки',8), ('Бананы',8), ('Апельсины',8), ('Виноград',8),
            ('Масло оливковое',9), ('Майонез',9),
            ('Чай черный',10), ('Чай зеленый',10), ('Кофе молотый',10), ('Кофе растворимый',10),
            ('Кола',11), ('Швепс',11),
            ('Орехи',12), ('Чипсы',12), ('Печенье',12), ('Шоколад',12);

insert into user(id,username,password,last_name,first_name,middle_name)
    values (1,'vrungel','123456','Врунгель','Христофор','Бонифатьевич'),
           (2,'grei','123456','Грей','Артур',null),
           (3,'jack','123456','Воробей','Джек',null);

insert into team(id,name,skipper_id)
    values (1,'Беда_15.09.2020',1),
           (2,'Алые паруса_22.09.2020', 2),
           (3,'Черная жемчужина_29.09.2020',3);

insert into user_team(user_id,team_id)
    values  (1,1), (1,2), (1,3),
            (2,1), (2,2),
            (3,1), (3,3);

insert into user_product(user_id,product_id,vote)
    values  (1,1,2),(1,2,2),(1,3,3),(1,7,1),
            (2,1,1),(2,2,3),(2,3,1),(2,5,2),
            (3,1,1),(3,2,0),(3,3,1),(3,5,3);